{
  "hash": "84d7bc02",
  "configHash": "dac953d5",
  "lockfileHash": "eaf12271",
  "browserHash": "99a05e81",
  "optimized": {
    "@angular/common": {
      "src": "../../../../../../node_modules/@angular/common/fesm2022/common.mjs",
      "file": "@angular_common.js",
      "fileHash": "7f00c391",
      "needsInterop": false
    },
    "@angular/core": {
      "src": "../../../../../../node_modules/@angular/core/fesm2022/core.mjs",
      "file": "@angular_core.js",
      "fileHash": "ab55a738",
      "needsInterop": false
    },
    "@angular/platform-browser": {
      "src": "../../../../../../node_modules/@angular/platform-browser/fesm2022/platform-browser.mjs",
      "file": "@angular_platform-browser.js",
      "fileHash": "7c1e62f6",
      "needsInterop": false
    },
    "@angular/router": {
      "src": "../../../../../../node_modules/@angular/router/fesm2022/router.mjs",
      "file": "@angular_router.js",
      "fileHash": "a4f9973f",
      "needsInterop": false
    },
    "gsap": {
      "src": "../../../../../../node_modules/gsap/index.js",
      "file": "gsap.js",
      "fileHash": "9df438cb",
      "needsInterop": false
    },
    "gsap/ScrollTrigger": {
      "src": "../../../../../../node_modules/gsap/ScrollTrigger.js",
      "file": "gsap_ScrollTrigger.js",
      "fileHash": "36adcf92",
      "needsInterop": false
    },
    "three": {
      "src": "../../../../../../node_modules/three/build/three.module.js",
      "file": "three.js",
      "fileHash": "49324cca",
      "needsInterop": false
    }
  },
  "chunks": {
    "chunk-PDRKVAOH": {
      "file": "chunk-PDRKVAOH.js"
    },
    "chunk-IMENVMIE": {
      "file": "chunk-IMENVMIE.js"
    },
    "chunk-PHFBGYCZ": {
      "file": "chunk-PHFBGYCZ.js"
    },
    "chunk-WDMUDEB6": {
      "file": "chunk-WDMUDEB6.js"
    }
  }
}