{
  "hash": "dd1aca73",
  "configHash": "bdf1bf66",
  "lockfileHash": "54e30a5b",
  "browserHash": "3d1f3ebc",
  "optimized": {
    "@angular/core": {
      "src": "../../../../../../node_modules/@angular/core/fesm2022/core.mjs",
      "file": "@angular_core.js",
      "fileHash": "e248b331",
      "needsInterop": false
    },
    "@angular/platform-browser": {
      "src": "../../../../../../node_modules/@angular/platform-browser/fesm2022/platform-browser.mjs",
      "file": "@angular_platform-browser.js",
      "fileHash": "092ff542",
      "needsInterop": false
    },
    "@angular/router": {
      "src": "../../../../../../node_modules/@angular/router/fesm2022/router.mjs",
      "file": "@angular_router.js",
      "fileHash": "9da24d06",
      "needsInterop": false
    },
    "gsap": {
      "src": "../../../../../../node_modules/gsap/index.js",
      "file": "gsap.js",
      "fileHash": "d32b3776",
      "needsInterop": false
    },
    "gsap/ScrollTrigger": {
      "src": "../../../../../../node_modules/gsap/ScrollTrigger.js",
      "file": "gsap_ScrollTrigger.js",
      "fileHash": "cd81a3dc",
      "needsInterop": false
    },
    "three": {
      "src": "../../../../../../node_modules/three/build/three.module.js",
      "file": "three.js",
      "fileHash": "9800f7ce",
      "needsInterop": false
    }
  },
  "chunks": {
    "chunk-C74MPBZ5": {
      "file": "chunk-C74MPBZ5.js"
    },
    "chunk-PHFBGYCZ": {
      "file": "chunk-PHFBGYCZ.js"
    },
    "chunk-WDMUDEB6": {
      "file": "chunk-WDMUDEB6.js"
    }
  }
}